{"results_test_finetune_1": {"0.01": [0.8975519440444353, 0.8282246451347459, 0.8531166426661181, 0.8957004731536721, 0.8944661592264966, 0.8430364122608517, 0.8907632174449702, 0.890351779469245, 0.8924089693478708, 0.8961119111293973], "0.03": [0.9288212301995474, 0.9288212301995474, 0.9267640403209216, 0.9098950833161901, 0.908455050401152, 0.9302612631145855, 0.9092779263526023, 0.9327298909689364, 0.9312898580538984, 0.9267640403209216], "0.05": [0.9245011314544332, 0.9166838099156552, 0.9242954124665707, 0.9201810327093191, 0.9220325036000823, 0.9331413289446616, 0.9210039086607694, 0.9279983542480971, 0.9166838099156552, 0.9296441061509977], "0.1": [0.925118288418021, 0.9181238428306933, 0.9438387163135158, 0.9232668175272578, 0.9376671466776384, 0.9302612631145855, 0.932935609956799, 0.9203867516971816, 0.936844270726188, 0.9267640403209216], "0.15": [0.943221559349928, 0.921209627648632, 0.934375642871837, 0.9401357745319893, 0.9403414935198519, 0.9345813618596996, 0.9444558732771035, 0.9442501542892409, 0.9360213947747377, 0.9335527669203868], "0.2": [0.9323184529932113, 0.9358156757868751, 0.9415758074470274, 0.9308784200781732, 0.9308784200781732, 0.9284097922238223, 0.9337584859082493, 0.945690187204279, 0.94178152643489, 0.9380785846533635]}, "results_train_finetune_1": {"0.01": [0.9423076923076923, 0.8461538461538461, 0.9038461538461539, 0.9423076923076923, 0.9307692307692308, 0.8923076923076924, 0.9230769230769231, 0.9, 0.9423076923076923, 0.9115384615384615], "0.03": [0.9607594936708861, 0.9670886075949368, 0.9620253164556962, 0.9556962025316456, 0.9430379746835443, 0.9645569620253165, 0.950632911392405, 0.9670886075949368, 0.9759493670886076, 0.9607594936708861], "0.05": [0.9568181818181818, 0.9613636363636363, 0.9522727272727273, 0.9424242424242424, 0.9401515151515152, 0.956060606060606, 0.9477272727272728, 0.95, 0.928030303030303, 0.9477272727272728], "0.1": [0.9406427221172022, 0.9308128544423441, 0.95765595463138, 0.9455576559546314, 0.9459357277882797, 0.9493383742911153, 0.9463137996219282, 0.9398865784499055, 0.9621928166351607, 0.9474480151228734], "0.15": [0.9485498108448928, 0.9344262295081968, 0.9445145018915511, 0.9546027742749055, 0.9583858764186634, 0.9394703656998739, 0.9558638083228247, 0.9538461538461539, 0.9470365699873896, 0.9412358133669609], "0.2": [0.9421550094517959, 0.9410207939508507, 0.944234404536862, 0.9425330812854442, 0.9345935727788279, 0.9287334593572779, 0.9404536862003781, 0.9561436672967863, 0.9480151228733459, 0.941398865784499]}, "epochs_taken_finetune_1": {"0.01": [10, 7, 7, 10, 10, 10, 9, 9, 9, 9], "0.03": [10, 10, 10, 10, 10, 10, 6, 10, 10, 10], "0.05": [10, 9, 8, 9, 10, 10, 9, 10, 7, 10], "0.1": [7, 7, 7, 10, 6, 6, 10, 9, 10, 10], "0.15": [7, 5, 10, 7, 10, 5, 6, 10, 9, 10], "0.2": [8, 9, 8, 10, 6, 6, 7, 10, 10, 6]}, "results_test_finetune_2": {"0.1": [0.9263526023451965, 0.9312898580538984, 0.9351985188232874, 0.9366385517383254, 0.9356099567990126, 0.9325241719810738, 0.936844270726188, 0.9158609339642049, 0.9288212301995474, 0.9195638757457313], "0.2": [0.9362271137626003, 0.936844270726188, 0.9269697593087842, 0.9325241719810738, 0.9376671466776384, 0.9454844682164164, 0.9302612631145855, 0.9317012960296235, 0.940752931495577, 0.9339642048961119], "0.3": [0.9403414935198519, 0.9378728656655009, 0.9403414935198519, 0.9380785846533635, 0.9275869162723719, 0.930466982102448, 0.9450730302406912, 0.9277926352602345, 0.9376671466776384, 0.9405472125077144], "0.4": [0.934375642871837, 0.9448673112528286, 0.9413700884591648, 0.9469245011314544, 0.9403414935198519, 0.9411643694713022, 0.9467187821435918, 0.948570253034355, 0.9434272783377906, 0.9345813618596996], "0.5": [0.9461016251800041, 0.9356099567990126, 0.944661592264966, 0.9444558732771035, 0.918740999794281, 0.9275869162723719, 0.9463073441678667, 0.9185352808064184, 0.9263526023451965, 0.9454844682164164], "0.6": [0.9366385517383254, 0.948570253034355, 0.9386957416169512, 0.91627237193993, 0.8701913186587122, 0.9512445998765686, 0.9319070150174861, 0.8907632174449702, 0.9444558732771035, 0.6144826167455256], "0.7": [0.9395186175684016, 0.9461016251800041, 0.9458959061921416, 0.944661592264966, 0.943221559349928, 0.936844270726188, 0.9434272783377906, 0.940752931495577, 0.9489816910100802, 0.9362271137626003], "0.8": [0.9426044023863402, 0.9257354453816087, 0.9508331619008434, 0.9403414935198519, 0.9461016251800041, 0.9487759720222176, 0.9419872454227525, 0.9438387163135158, 0.9522731948158815, 0.9454844682164164], "0.9": [0.9450730302406912, 0.8915860933964205, 0.9345813618596996, 0.9526846327916066, 0.9430158403620654, 0.9555646986216828, 0.9498045669615306, 0.9374614276897758, 0.9489816910100802, 0.9395186175684016], "1": [0.9489816910100802, 0.9450730302406912, 0.9533017897551944, 0.9364328327504629, 0.9409586504834396, 0.9514503188644312, 0.9372557087019132, 0.9502160049372557, 0.9461016251800041, 0.94178152643489]}, "results_train_finetune_2": {"0.1": [0.9459357277882797, 0.945179584120983, 0.9448015122873346, 0.9648393194706995, 0.9474480151228734, 0.9489603024574669, 0.966351606805293, 0.9232514177693761, 0.9398865784499055, 0.9376181474480151], "0.2": [0.9402646502835539, 0.9457466918714555, 0.9294896030245746, 0.9391304347826087, 0.9421550094517959, 0.9572778827977315, 0.9344045368620038, 0.9378071833648394, 0.9478260869565217, 0.94234404536862], "0.3": [0.950094517958412, 0.9427851291745432, 0.9460617517328292, 0.9421550094517959, 0.9267800882167612, 0.9354757403906743, 0.9455576559546314, 0.9294265910523, 0.9439193446754883, 0.9460617517328292], "0.4": [0.9367973547472839, 0.9506849315068493, 0.9444496929617383, 0.9476617855455833, 0.9437883797827114, 0.9435994331601323, 0.9488899385923477, 0.9542749173358526, 0.9450165328294756, 0.9349078885214926], "0.5": [0.9508692365835223, 0.9392290249433106, 0.9420256991685563, 0.944520030234316, 0.90854119425548, 0.9336356764928193, 0.9421012849584278, 0.9207105064247921, 0.9336356764928193, 0.9468631897203326], "0.6": [0.9378267716535433, 0.9496062992125984, 0.9326614173228347, 0.9170393700787401, 0.8534173228346457, 0.9483464566929134, 0.9295748031496063, 0.8864881889763779, 0.9475905511811024, 0.6027086614173228], "0.7": [0.9377969762419006, 0.9449244060475162, 0.948110151187905, 0.948110151187905, 0.942548596112311, 0.9401187904967603, 0.9459503239740821, 0.9434125269978402, 0.9517278617710583, 0.9401187904967603], "0.8": [0.9425602267359471, 0.924090694378838, 0.9521020311761927, 0.9359943316013226, 0.9494095418044403, 0.9440717997165801, 0.9417572035899858, 0.94624468587624, 0.9527161076995748, 0.945583372697213], "0.9": [0.9444467772412345, 0.8952340961578837, 0.9262649590594163, 0.9545244593743439, 0.941759395339072, 0.9560781020365317, 0.9526348939743859, 0.9431870669745959, 0.9507453285744278, 0.9344530757925678], "1": [0.9456179430063753, 0.9409708887011291, 0.9551808894692373, 0.9354789154312927, 0.9376296182502496, 0.9458099700437822, 0.9373607803978801, 0.9465396727859282, 0.9485751593824411, 0.9398955372916507]}, "epochs_taken_finetune_2": {"0.1": [8, 7, 8, 10, 9, 8, 10, 6, 8, 8], "0.2": [6, 6, 9, 8, 10, 10, 8, 9, 10, 10], "0.3": [8, 7, 5, 6, 7, 6, 8, 7, 8, 10], "0.4": [10, 9, 5, 8, 7, 7, 6, 10, 10, 6], "0.5": [10, 10, 6, 7, 7, 6, 10, 10, 7, 10], "0.6": [10, 10, 10, 9, 8, 9, 9, 6, 10, 10], "0.7": [8, 7, 10, 10, 5, 10, 10, 6, 10, 7], "0.8": [10, 6, 10, 8, 10, 5, 5, 10, 10, 10], "0.9": [9, 10, 10, 10, 10, 10, 8, 8, 10, 8], "1": [7, 10, 10, 6, 10, 10, 10, 6, 9, 5]}, "results_test_2": {"0.1": [0.9421929644106151, 0.9411643694713022, 0.9333470479325242, 0.9308784200781732, 0.9245011314544332, 0.9366385517383254, 0.9594733593910718, 0.9423986833984777, 0.9380785846533635, 0.93540423781115], "0.2": [0.9537132277309196, 0.9563875745731331, 0.93540423781115, 0.9461016251800041, 0.9358156757868751, 0.9428101213742028, 0.9477473770829048, 0.9586504834396214, 0.917300966879243, 0.9491874099979428],