{"results_test_finetune_1": {"0.01": [0.7819378728656655, 0.7996297058218473, 0.8043612425426867, 0.8029212096276487, 0.7986011108825345, 0.847767948981691, 0.8891174655420695, 0.8537337996297059, 0.7992182678461222, 0.7761777412055133], "0.03": [0.8946718782143592, 0.9175066858671055, 0.8924089693478708, 0.9195638757457313, 0.9035177946924501, 0.8957004731536721, 0.8979633820201605, 0.9086607693890146, 0.9059864225468011, 0.910923678255503], "0.05": [0.9113351162312281, 0.9129808681341288, 0.9059864225468011, 0.8839744908455051, 0.9088664883768772, 0.9055749845710759, 0.9020777617774121, 0.9090722073647398, 0.9199753137214565, 0.9121579921826785], "0.1": [0.934375642871837, 0.92902694918741, 0.9158609339642049, 0.932935609956799, 0.9127751491462662, 0.9319070150174861, 0.9224439415758074, 0.9267640403209216, 0.9308784200781732, 0.9349927998354248], "0.15": [0.9222382225879449, 0.9339642048961119, 0.925118288418021, 0.932935609956799, 0.9271754782966468, 0.9323184529932113, 0.9366385517383254, 0.9372557087019132, 0.9370499897140506, 0.9298498251388603], "0.2": [0.9292326681752726, 0.9279983542480971, 0.9376671466776384, 0.94178152643489, 0.9360213947747377, 0.9450730302406912, 0.9327298909689364, 0.9372557087019132, 0.943221559349928, 0.9397243365562642]}, "results_train_finetune_1": {"0.01": [0.8769230769230769, 0.9038461538461539, 0.8692307692307693, 0.8846153846153846, 0.8269230769230769, 0.9076923076923077, 0.9884615384615385, 0.9192307692307692, 0.9230769230769231, 0.8192307692307692], "0.03": [0.9784810126582278, 0.9734177215189873, 0.9430379746835443, 0.9860759493670886, 0.9936708860759493, 0.9683544303797469, 0.9784810126582278, 0.9784810126582278, 0.9873417721518988, 0.9886075949367089], "0.05": [0.975, 0.9856060606060606, 0.9696969696969697, 0.9393939393939394, 0.9719696969696969, 0.9613636363636363, 0.9553030303030303, 0.9712121212121212, 0.9810606060606061, 0.9818181818181818], "0.1": [0.9867674858223062, 0.9701323251417769, 0.9572778827977315, 0.987523629489603, 0.9527410207939508, 0.9754253308128544, 0.9550094517958412, 0.9716446124763705, 0.9716446124763705, 0.9841209829867675], "0.15": [0.9593947036569987, 0.9778058007566204, 0.9583858764186634, 0.9773013871374527, 0.958890290037831, 0.9651954602774275, 0.9699873896595208, 0.9732660781841109, 0.971500630517024, 0.9651954602774275], "0.2": [0.9570888468809073, 0.9531190926275992, 0.9642722117202268, 0.9623818525519848, 0.965406427221172, 0.9686200378071833, 0.9627599243856333, 0.969187145557656, 0.9716446124763705, 0.9782608695652174]}, "epochs_taken_finetune_1": {"0.01": [10, 10, 8, 10, 9, 10, 10, 10, 9, 10], "0.03": [9, 9, 7, 10, 10, 10, 10, 10, 10, 10], "0.05": [7, 10, 9, 10, 10, 7, 7, 10, 10, 10], "0.1": [10, 10, 7, 10, 8, 10, 6, 10, 10, 10], "0.15": [10, 10, 10, 10, 10, 8, 10, 9, 10, 10], "0.2": [10, 8, 10, 8, 10, 10, 10, 10, 10, 10]}, "results_test_finetune_2": {"0.1": [0.9166838099156552, 0.9210039086607694, 0.9298498251388603, 0.9218267846122197, 0.9327298909689364, 0.9203867516971816, 0.9164780909277926, 0.9275869162723719, 0.9277926352602345, 0.9197695947335939], "0.2": [0.9399300555441267, 0.940752931495577, 0.9333470479325242, 0.9288212301995474, 0.9415758074470274, 0.9454844682164164, 0.9434272783377906, 0.9364328327504629, 0.9372557087019132, 0.9292326681752726], "0.3": [0.9423986833984777, 0.9284097922238223, 0.9411643694713022, 0.9409586504834396, 0.9467187821435918, 0.9514503188644312, 0.9450730302406912, 0.9498045669615306, 0.9438387163135158, 0.9436329973256532], "0.4": [0.9384900226290886, 0.9463073441678667, 0.9349927998354248, 0.943221559349928, 0.9481588150586299, 0.9317012960296235, 0.9465130631557293, 0.9557704176095454, 0.9430158403620654, 0.9430158403620654], "0.5": [0.9448673112528286, 0.9508331619008434, 0.9380785846533635, 0.9487759720222176, 0.949598847973668, 0.9458959061921416, 0.9508331619008434, 0.9376671466776384, 0.9389014606048138, 0.944661592264966], "0.6": [0.8944661592264966, 0.9500102859493931, 0.9543303846945073, 0.917300966879243, 0.9522731948158815, 0.9487759720222176, 0.9454844682164164, 0.9458959061921416, 0.9423986833984777, 0.9504217239251183], "0.7": [0.9528903517794692, 0.9461016251800041, 0.9545361036823699, 0.9506274429129808, 0.9463073441678667, 0.9545361036823699, 0.9541246657066447, 0.945690187204279, 0.9275869162723719, 0.9467187821435918], "0.8": [0.9327298909689364, 0.9302612631145855, 0.9493931289858054, 0.9444558732771035, 0.9530960707673318, 0.9450730302406912, 0.9469245011314544, 0.9584447644517589, 0.9489816910100802, 0.9491874099979428], "0.9": [0.9491874099979428, 0.94178152643489, 0.9543303846945073, 0.9378728656655009, 0.954947541658095, 0.9349927998354248, 0.9366385517383254, 0.9520674758280189, 0.9506274429129808, 0.7905780703558939], "1": [0.9520674758280189, 0.9310841390660358, 0.9582390454638963, 0.9500102859493931, 0.949598847973668, 0.952478913803744, 0.9440444353013783, 0.9547418226702324, 0.9358156757868751, 0.9294383871631352]}, "results_train_finetune_2": {"0.1": [0.9678638941398866, 0.9637051039697543, 0.9792060491493384, 0.9478260869565217, 0.9637051039697543, 0.9655954631379963, 0.9553875236294896, 0.9769376181474481, 0.9742911153119093, 0.961436672967864], "0.2": [0.9627599243856333, 0.9584120982986768, 0.9555765595463138, 0.9525519848771267, 0.9706994328922496, 0.9642722117202268, 0.9724007561436673, 0.9693761814744801, 0.960491493383743, 0.9491493383742912], "0.3": [0.964461247637051, 0.9512287334593573, 0.959294265910523, 0.9695022054190297, 0.9597983616887209, 0.9696282293635791, 0.9700063011972275, 0.9703843730308759, 0.9599243856332703, 0.9681159420289855], "0.4": [0.9505904581955598, 0.9657061880018895, 0.9584317430325933, 0.9594709494567785, 0.9655172413793104, 0.9522909777987718, 0.9584317430325933, 0.9652338214454417, 0.9628719886632027, 0.9614548889938592], "0.5": [0.9493575207860923, 0.9634920634920635, 0.954724111866969, 0.9619803476946334, 0.9629629629629629, 0.9622071050642479, 0.9659863945578231, 0.9530612244897959, 0.9557067271352986, 0.9628873771730915], "0.6": [0.9100472440944882, 0.9548976377952756, 0.9636535433070866, 0.9217007874015748, 0.9638425196850394, 0.9574803149606299, 0.9626456692913385, 0.9528818897637795, 0.9539527559055118, 0.9606929133858267], "0.7": [0.9644168466522678, 0.9529697624190064, 0.9678725701943844, 0.9623650107991361, 0.9606911447084233, 0.9669546436285097, 0.9639848812095032, 0.9565334773218143, 0.9419006479481642, 0.9567494600431965], "0.8": [0.9477090222012281, 0.9418044402456306, 0.9600850259801607, 0.9493150684931507, 0.9610297590930562, 0.9572980632971185, 0.9557864903164855, 0.961076995748701, 0.9617383089277279, 0.9565895134624468], "0.9": [0.9568759185387361, 0.947428091538946, 0.9695570018895654, 0.9499895024144447, 0.9633004408985933, 0.9471761494856183, 0.9454545454545454, 0.9606130589964308, 0.9656099097207642, 0.7884106655469242], "1": [0.9610953222213687, 0.9417005914432752, 0.9683923496428297, 0.9599047545894462, 0.9542975650971657, 0.9586757815500423, 0.9492664567171057, 0.9632844304478071, 0.9453875105614871, 0.9331745909824103]}, "epochs_taken_finetune_2": {"0.1": [9, 10, 10, 6, 10, 10, 8, 10, 10, 10], "0.2": [10, 10, 8, 8, 10, 8, 10, 9, 10, 9], "0.3": [9, 8, 9, 10, 10, 10, 8, 8, 10, 10], "0.4": [7, 10, 10, 9, 8, 10, 10, 10, 10, 10], "0.5": [8, 10, 6, 7, 10, 10, 9, 8, 9, 10], "0.6": [10, 6, 10, 7, 10, 8, 10, 9, 8, 9], "0.7": [10, 7, 10, 10, 9, 10, 8, 10, 6, 7], "0.8": [10, 7, 10, 6, 6, 9, 7, 6, 10, 8], "0.9": [10, 10, 10, 10, 10, 8, 10, 10, 10, 6], "1": [10, 10, 10, 5, 8, 10, 5, 9, 7, 10]}, "results_test_2": {"0.1": [0.9631763011725982, 0.9269697593087842, 0.9356099567990126, 0.9267640403209216, 0.9419872454227525, 0.9489816910100802, 0.9356099567990126, 0.9323184529932113, 0.9413700884591648, 0.20037029417815264], "0.2": [0.9508331619008434, 0.9292326681752726, 0.925118288418021, 0.9302612631145855, 0.9349927998354248, 0.926558321333059, 0.19707879037235138, 0.921209627648632, 0.9397243365562642, 0.9267640403209216],